678268255,B,50.844226460813005,-0.936884880065918,116.5652708076754,10,1508274489
678268255,B,50.84418581323862,-0.9367561340332031,116.56525084776558,10,1508274490
678268255,B,50.84414516566424,-0.9366273880004883,116.56523087534197,10,1508274491
678268255,B,50.84410451808985,-0.9364986419677734,116.56521091371752,10,1508274492
678268255,B,50.84406387051546,-0.9363698959350586,116.56519093778604,10,1508274493
678268255,B,50.844023222941075,-0.9362411499023438,116.56517097265373,10,1508274494
678268255,B,50.84398257536669,-0.9361124038696289,116.5651510111474,10,1508274495
678268255,B,50.8439419277923,-0.9359836578369141,116.56513103892064,10,1508274496
678268255,B,50.84390128021792,-0.9358549118041992,116.56511107569975,10,1508274497
678268255,B,50.84386063264353,-0.9357261657714844,116.56509110355177,10,1508274498
678268255,B,50.843819985069146,-0.9355974197387695,116.56507114040954,10,1508274499
678268255,B,50.84377933749476,-0.9354686737060547,116.56505117551347,10,1508274500
678268255,B,50.84373868992037,-0.9353399276733398,116.56503121065674,10,1508274501
678268255,B,50.84369804234599,-0.935211181640625,116.56501123328633,10,1508274502
678268255,B,50.843657394771604,-0.93508243560791,116.56499127207513,10,1508274503
678268255,B,50.84361674719722,-0.9349536895751952,116.56497131094284,10,1508274504
678268255,B,50.84357609962283,-0.9348249435424804,116.56495133907038,10,1508274505
678268255,B,50.84353545204844,-0.9346961975097655,116.56493137799708,10,1508274506
678268255,B,50.843494804474055,-0.9345674514770507,116.56491140799665,10,1508274507
678268255,B,50.843454156899675,-0.9344387054443358,116.5648914362423,10,1508274508
678268255,B,50.84341350932529,-0.934309959411621,116.56487147528708,10,1508274509
678268255,B,50.8433728617509,-0.9341812133789061,116.56485151078465,10,1508274510
678268255,B,50.84333221417651,-0.9340524673461913,116.56483154452832,10,1508274511
678268255,B,50.843291566602126,-0.9339237213134765,116.56481157651803,10,1508274512
678268255,B,50.84325091902774,-0.9337949752807616,116.56479161213366,10,1508274513
678268255,B,50.84321027145336,-0.9336662292480468,116.56477164061556,10,1508274514
678268255,B,50.84316962387897,-0.9335374832153319,116.56475168348305,10,1508274515
678268255,B,50.843128976304584,-0.9334087371826171,116.56473171204368,10,1508274516
678268255,B,50.843090263744394,-0.9335558755057197,247.38014146607202,10,1508274517
678268255,B,50.843051551184196,-0.9337030138288225,247.3801583472462,10,1508274518
678268255,B,50.843012838624006,-0.9338501521519251,247.3801752233428,10,1508274519
678268255,B,50.842974126063815,-0.9339972904750279,247.3801920960945,10,1508274520
678268255,B,50.842935413503625,-0.9341444287981305,247.38020897880978,10,1508274521
678268255,B,50.84289670094343,-0.9342915671212333,247.3802258514952,10,1508274522
678268255,B,50.84285798838324,-0.9344387054443359,247.38024274250034,10,1508274523
678268255,B,50.84279701560515,-0.9343314170837402,131.98730121157223,10,1508274524
678268255,B,50.84273604282706,-0.9342241287231445,131.9872639724564,10,1508274525
678268255,B,50.842675070048976,-0.9341168403625488,131.9872267423433,10,1508274526
678268255,B,50.84261409727089,-0.9340095520019531,131.98718951826072,10,1508274527
678268255,B,50.8425531244928,-0.9339022636413574,131.9871522853474,10,1508274528
678268255,B,50.842492151714715,-0.9337949752807617,131.9871150584646,10,1508274529
678268255,B,50.84243117893663,-0.933687686920166,131.98707782572336,10,1508274530
678268255,B,50.84237020615854,-0.9335803985595703,131.98704059455423,10,1508274531
678268255,B,50.84235665656574,-0.9337306022644043,261.8699477309,10,1508274532
678268255,B,50.84234310697293,-0.9338808059692383,261.8699500640466,10,1508274533
678268255,B,50.842329557380125,-0.9340310096740723,261.869952385894,10,1508274534
678268255,B,50.842316007787325,-0.9341812133789062,261.8699547133884,10,1508274535
678268255,B,50.842302458194524,-0.9343314170837403,261.86995704841854,10,1508274536
678268255,B,50.84228890860172,-0.9344816207885743,261.8699593740205,10,1508274537
678268255,B,50.84227535900891,-0.9346318244934083,261.8699617052754,10,1508274538
678268255,B,50.84226180941611,-0.9347820281982423,261.8699640327626,10,1508274539
678268255,B,50.84220761069863,-0.9346580505371095,124.69523005268695,10,1508274540
678268255,B,50.842153411981144,-0.9345340728759767,124.69519890845794,10,1508274541
678268255,B,50.842099213263666,-0.9344100952148438,124.69516775798354,10,1508274542
678268255,B,50.84204501454618,-0.9342861175537109,124.69513661235078,10,1508274543
678268255,B,50.8419908158287,-0.9341621398925781,124.69510546361977,10,1508274544
678268255,B,50.841936617111216,-0.9340381622314453,124.69507431810882,10,1508274545
678268255,B,50.84188241839374,-0.9339141845703124,124.69504317107317,10,1508274546
678268255,B,50.84182821967625,-0.9337902069091796,124.69501202730561,10,1508274547
678268255,B,50.84177402095877,-0.9336662292480468,124.69498087414559,10,1508274548
678268255,B,50.84177402095877,-0.9338235855102538,270.0000610070903,10,1508274549
678268255,B,50.84177402095877,-0.9339809417724608,270.0000610070903,10,1508274550
678268255,B,50.84177402095877,-0.9341382980346679,270.0000610070903,10,1508274551
678268255,B,50.84177402095877,-0.9342956542968749,270.0000610070903,10,1508274552
678268255,B,50.84177402095877,-0.9344530105590819,270.0000610070903,10,1508274553
678268255,B,50.84177402095877,-0.934610366821289,270.0000610070903,10,1508274554
678268255,B,50.84170627181432,-0.9345030784606932,135.00010398617303,10,1508274555
678268255,B,50.84163852266986,-0.9343957901000975,135.00006239414625,10,1508274556
678268255,B,50.841570773525405,-0.9342885017395018,135.00002079549546,10,1508274557
678268255,B,50.84150302438094,-0.9341812133789062,134.999979207734,10,1508274558
678268255,B,50.841435275236485,-0.9340739250183105,134.9999376052197,10,1508274559
678268255,B,50.84136752609203,-0.9339666366577148,134.99989600687024,10,1508274560
678268255,B,50.84129977694757,-0.9338593482971191,134.9998544153458,10,1508274561
678268255,B,50.841232027803116,-0.9337520599365234,134.99981281719727,10,1508274562
678268255,B,50.84115976146143,-0.9336376190185547,135.00000000288685,10,1508274563
678268255,B,50.84108749511974,-0.9335231781005858,134.99995563549476,10,1508274564
678268255,B,50.84101522877805,-0.9334087371826171,134.99991126070756,10,1508274565
678268255,B,50.840924895116444,-0.9334516525268554,196.6991845517294,10,1508274566
678268255,B,50.84083456145485,-0.9334945678710936,196.69921507995568,10,1508274567
678268255,B,50.840744227793245,-0.9335374832153319,196.69924560979865,10,1508274568
678268255,B,50.84065389413164,-0.9335803985595702,196.69927613515082,10,1508274569
678268255,B,50.840563560470045,-0.9336233139038085,196.6993066676721,10,1508274570
678268255,B,50.84047322680844,-0.9336662292480468,196.69933719292635,10,1508274571
678268255,B,50.84039424658058,-0.9337397984095981,210.46485298844874,10,1508274572
678268255,B,50.84031526635272,-0.9338133675711494,210.4648953673193,10,1508274573
678268255,B,50.840236286124856,-0.9338869367327008,210.4649377481598,10,1508274574
678268255,B,50.840157305896994,-0.9339605058942522,210.46498012884027,10,1508274575
678268255,B,50.84007832566913,-0.9340340750558035,210.46502250846572,10,1508274576
678268255,B,50.83999934544127,-0.9341076442173548,210.46506489103174,10,1508274577
678268255,B,50.83992036521341,-0.9341812133789061,210.46510727149663,10,1508274578
678268255,B,50.83984138498555,-0.9342547825404576,210.4651496529232,10,1508274579
678268255,B,50.839762404757685,-0.9343283517020089,210.4651920281397,10,1508274580
678268255,B,50.839683424529824,-0.9344019208635602,210.46523441540955,10,1508274581
678268255,B,50.83960444430196,-0.9344754900251115,210.46527678948664,10,1508274582
678268255,B,50.8395254640741,-0.9345490591866629,210.4653191715459,10,1508274583
678268255,B,50.83944648384624,-0.9346226283482143,210.4653615515418,10,1508274584
678268255,B,50.83936750361838,-0.9346961975097656,210.46540393339438,10,1508274585
678268255,B,50.839288523390515,-0.934769766671317,210.46544631116694,10,1508274586
678268255,B,50.83920954316265,-0.9348433358328683,210.46548868986338,10,1508274587
678268255,B,50.83913056293479,-0.9349169049944196,210.46553107351704,10,1508274588
678268255,B,50.83905158270693,-0.934990474155971,210.46557344704067,10,1508274589
678268255,B,50.83897260247907,-0.9350640433175224,210.46561583048765,10,1508274590
678268255,B,50.838893622251206,-0.9351376124790737,210.46565820682957,10,1508274591
678268255,B,50.838814642023344,-0.935211181640625,210.46570059115376,10,1508274592
678268255,B,50.83873566179548,-0.9352847508021763,210.46574296732678,10,1508274593
678268255,B,50.83865668156762,-0.9353583199637278,210.46578534345312,10,1508274594
678268255,B,50.83857770133976,-0.9354318891252791,210.46582772748613,10,1508274595
678268255,B,50.8384987211119,-0.9355054582868304,210.4658701034058,10,1508274596
678268255,B,50.838419740884035,-0.9355790274483817,210.46591248629935,10,1508274597
678268255,B,50.83834076065617,-0.935652596609933,210.46595486003338,10,1508274598
678268255,B,50.83826178042831,-0.9357261657714845,210.46599724077913,10,1508274599
678268255,B,50.83818280020045,-0.9357997349330358,210.4660396213649,10,1508274600
678268255,B,50.83810381997259,-0.9358733040945871,210.4660819988789,10,1508274601
678268255,B,50.838024839744726,-0.9359468732561385,210.46612437429178,10,1508274602
678268255,B,50.837945859516864,-0.9360204424176898,210.4661667556703,10,1508274603
678268255,B,50.837866879289,-0.9360940115792412,210.46620913599378,10,1508274604
678268255,B,50.83778789906114,-0.9361675807407925,210.46625150809044,10,1508274605
678268255,B,50.83770891883328,-0.9362411499023439,210.46629389224066,10,1508274606
678268255,B,50.8376306233851,-0.9363126754760743,209.98131342290512,10,1508274607
678268255,B,50.837552327936926,-0.9363842010498048,209.98135503608776,10,1508274608
678268255,B,50.83747403248876,-0.9364557266235353,209.9813966411296,10,1508274609
678268255,B,50.83739573704058,-0.9365272521972657,209.98143825112754,10,1508274610
678268255,B,50.837317441592404,-0.9365987777709962,209.98147986104428,10,1508274611
678268255,B,50.83723914614423,-0.9366703033447267,209.98152147087987,10,1508274612
678268255,B,50.83716085069606,-0.9367418289184571,209.98156307962682,10,1508274613
678268255,B,50.83708255524788,-0.9368133544921876,209.98160468627768,10,1508274614
678268255,B,50.837004259799706,-0.936884880065918,209.9816462958312,10,1508274615
678268255,B,50.83692596435153,-0.9369564056396484,209.98168790135074,10,1508274616
678268255,B,50.83684766890335,-0.9370279312133789,209.98172951380283,10,1508274617
678268255,B,50.83676937345518,-0.9370994567871094,209.98177112113643,10,1508274618
678268255,B,50.83669107800701,-0.9371709823608398,209.98181273141125,10,1508274619
678268255,B,50.83661278255883,-0.9372425079345703,209.9818543355601,10,1508274620
678268255,B,50.836534487110654,-0.9373140335083008,209.98189594668003,10,1508274621
678268255,B,50.836456191662485,-0.9373855590820312,209.9819375567113,10,1508274622
678268255,B,50.83637789621431,-0.9374570846557617,209.98197915759422,10,1508274623
678268255,B,50.83629960076613,-0.9375286102294922,209.98202076847062,10,1508274624
678268255,B,50.83620474023012,-0.9375214576721191,177.27371666525937,10,1508274625
678268255,B,50.83610987969411,-0.9375143051147461,177.27371113175423,10,1508274626
678268255,B,50.8360150191581,-0.937507152557373,177.27370559935184,10,1508274627
678268255,B,50.83592015862209,-0.9375,177.2737000658617,10,1508274628
678268255,B,50.83582529808608,-0.937492847442627,177.27369453274423,10,1508274629
678268255,B,50.83573043755007,-0.9374856948852539,177.27368899972544,10,1508274630
678268255,B,50.83563557701406,-0.9374785423278807,177.27368346612434,10,1508274631
678268255,B,50.83554071647805,-0.9374713897705077,177.27367793334554,10,1508274632
678268255,B,50.83544585594204,-0.9374642372131347,177.27367240053184,10,1508274633
678268255,B,50.835350995406024,-0.9374570846557616,177.27366686754317,10,1508274634
678268255,B,50.835256134870015,-0.9374499320983886,177.27366133410567,10,1508274635
678268255,B,50.835161274334006,-0.9374427795410155,177.27365580122319,10,1508274636
678268255,B,50.835115406848836,-0.9375748267540563,241.18911478846644,10,1508274637
678268255,B,50.83506953936367,-0.9377068739670973,241.1891385626859,10,1508274638
678268255,B,50.8350236718785,-0.9378389211801381,241.189162343524,10,1508274639
678268255,B,50.83497780439333,-0.9379709683931791,241.18918611093002,10,1508274640
678268255,B,50.83493193690817,-0.9381030156062199,241.18920989669834,10,1508274641
678268255,B,50.834886069423,-0.9382350628192608,241.18923367071227,10,1508274642
678268255,B,50.83484020193783,-0.9383671100323017,241.1892574530225,10,1508274643
678268255,B,50.83479433445266,-0.9384991572453426,241.18928122022297,10,1508274644
678268255,B,50.8347484669675,-0.9386312044583834,241.18930500746342,10,1508274645
678268255,B,50.83470259948233,-0.9387632516714244,241.18932878294942,10,1508274646
678268255,B,50.83465673199716,-0.9388952988844652,241.18935255666577,10,1508274647
678268255,B,50.834610864511994,-0.9390273460975062,241.1893763354044,10,1508274648
678268255,B,50.834564997026824,-0.939159393310547,241.1894001106956,10,1508274649
678268255,B,50.834503045454206,-0.9392820085797993,231.34012798314774,10,1508274650
678268255,B,50.83444109388159,-0.9394046238490514,231.340165082409,10,1508274651
678268255,B,50.83437914230897,-0.9395272391183037,231.34020218019327,10,1508274652
678268255,B,50.83431719073635,-0.9396498543875559,231.340239280704,10,1508274653
678268255,B,50.83425523916373,-0.9397724696568082,231.3402763783028,10,1508274654
678268255,B,50.83419328759111,-0.9398950849260603,231.34031347719318,10,1508274655
678268255,B,50.834131336018494,-0.9400177001953126,231.3403505789112,10,1508274656
678268255,B,50.83403647146094,-0.9400284290313722,184.08559197281758,10,1508274657
678268255,B,50.83394160690338,-0.9400391578674316,184.0856002493707,10,1508274658
678268255,B,50.83384674234583,-0.9400498867034912,184.0856085247682,10,1508274659
678268255,B,50.83375187778827,-0.9400606155395508,184.08561680134085,10,1508274660
678268255,B,50.83365701323072,-0.9400713443756104,184.0856250774926,10,1508274661
678268255,B,50.83356214867317,-0.9400820732116699,184.08563335322347,10,1508274662
678268255,B,50.833467284115606,-0.9400928020477294,184.08564162890087,10,1508274663
678268255,B,50.83337241955805,-0.940103530883789,184.08564990506073,10,1508274664
678268255,B,50.83328658807543,-0.9400534629821776,159.77530914257363,10,1508274665
678268255,B,50.8332007565928,-0.9400033950805663,159.77527496424125,10,1508274666
678268255,B,50.83311492511018,-0.939953327178955,159.775240785277,10,1508274667
678268255,B,50.83302909362756,-0.9399032592773436,159.7752066043031,10,1508274668
678268255,B,50.83294326214494,-0.9398531913757323,159.77517242751844,10,1508274669
678268255,B,50.832857430662315,-0.939803123474121,159.77513824665812,10,1508274670
678268255,B,50.83277159917969,-0.9397530555725097,159.77510407136435,10,1508274671
678268255,B,50.832685767697065,-0.9397029876708983,159.77506989199492,10,1508274672
678268255,B,50.83259993621444,-0.939652919769287,159.77503571061607,10,1508274673
678268255,B,50.832514104731814,-0.9396028518676757,159.77500153411506,10,1508274674
678268255,B,50.83242827324919,-0.9395527839660643,159.77496735560453,10,1508274675
678268255,B,50.83234244176657,-0.939502716064453,159.7749331750847,10,1508274676
678268255,B,50.83225209079127,-0.939502716064453,180,10,1508274677
678268255,B,50.83216173981597,-0.939502716064453,180,10,1508274678
678268255,B,50.832071388840674,-0.939502716064453,180,10,1508274679
678268255,B,50.831981037865376,-0.939502716064453,180,10,1508274680
678268255,B,50.83189068689008,-0.939502716064453,180,10,1508274681
678268255,B,50.83180033591478,-0.939502716064453,180,10,1508274682
678268255,B,50.83170998493948,-0.939502716064453,180,10,1508274683
678268255,B,50.83161963396418,-0.939502716064453,180,10,1508274684
678268255,B,50.83152928298888,-0.939502716064453,180,10,1508274685
678268255,B,50.83143893201358,-0.939502716064453,180,10,1508274686
678268255,B,50.831348581038284,-0.939502716064453,180,10,1508274687
678268255,B,50.831258230062986,-0.939502716064453,180,10,1508274688
678268255,B,50.83121305378832,-0.9396314620971679,240.94531632401402,10,1508274689
678268255,B,50.83116787751366,-0.9397602081298827,240.94533987748528,10,1508274690
678268255,B,50.83112270123899,-0.9398889541625975,240.94536341720683,10,1508274691
678268255,B,50.83107752496433,-0.9400177001953124,240.94538695859092,10,1508274692
678268255,B,50.83103234868966,-0.9401464462280272,240.94541049478767,10,1508274693
678268255,B,50.83098717241499,-0.9402751922607422,240.94543404123021,10,1508274694
678268255,B,50.83094199614033,-0.940403938293457,240.9454575773061,10,1508274695
678268255,B,50.830896819865664,-0.9405326843261719,240.94548112020288,10,1508274696
678268255,B,50.830851643591004,-0.9406614303588867,240.94550466989955,10,1508274697
678268255,B,50.830806467316336,-0.9407901763916016,240.9455281955718,10,1508274698
678268255,B,50.830761291041675,-0.9409189224243164,240.94555174859352,10,1508274699
678268255,B,50.83071611476701,-0.9410476684570312,240.94557528615312,10,1508274700
678268255,B,50.83062576064364,-0.9410476684570312,180,10,1508274701
678268255,B,50.830535406520276,-0.9410476684570312,180,10,1508274702
678268255,B,50.83044505239691,-0.9410476684570312,180,10,1508274703
678268255,B,50.830354698273545,-0.9410476684570312,180,10,1508274704
678268255,B,50.83026434415018,-0.9410476684570312,180,10,1508274705
678268255,B,50.83017399002682,-0.9410476684570312,180,10,1508274706
678268255,B,50.830083635903456,-0.9410476684570312,180,10,1508274707
678268255,B,50.82999328178009,-0.9410476684570312,180,10,1508274708
678268255,B,50.829902927656725,-0.9410476684570312,180,10,1508274709
678268255,B,50.82981257353336,-0.9410476684570312,180,10,1508274710
678268255,B,50.829722219409994,-0.9410476684570312,180,10,1508274711
678268255,B,50.82963186528663,-0.9410476684570312,180,10,1508274712
678268255,B,50.829577651931146,-0.9411656856536865,233.97256158280715,10,1508274713
678268255,B,50.829523438575656,-0.9412837028503418,233.97259322892626,10,1508274714
678268255,B,50.82946922522017,-0.9414017200469971,233.97262488616542,10,1508274715
678268255,B,50.82941501186468,-0.9415197372436523,233.97265653373853,10,1508274716
678268255,B,50.8293607985092,-0.9416377544403076,233.9726881876349,10,1508274717
678268255,B,50.82930658515372,-0.9417557716369629,233.97271984625553,10,1508274718
678268255,B,50.829252371798226,-0.9418737888336182,233.97275149041332,10,1508274719
678268255,B,50.82919815844274,-0.9419918060302734,233.972783148889,10,1508274720
678268255,B,50.82910599440048,-0.9419918060302734,180,10,1508274721
678268255,B,50.82901383035821,-0.9419918060302734,180,10,1508274722
678268255,B,50.82892166631594,-0.9419918060302734,180,10,1508274723
678268255,B,50.82882950227367,-0.9419918060302734,180,10,1508274724
678268255,B,50.828737338231406,-0.9419918060302734,180,10,1508274725
678268255,B,50.82864517418914,-0.9419918060302734,180,10,1508274726
678268255,B,50.82855301014687,-0.9419918060302734,180,10,1508274727
678268255,B,50.828460846104605,-0.9419918060302734,180,10,1508274728
678268255,B,50.82836868206233,-0.9419918060302734,180,10,1508274729
678268255,B,50.82827651802007,-0.9419918060302734,180,10,1508274730
678268255,B,50.82822772455515,-0.9421119689941406,237.2646977221351,10,1508274731
678268255,B,50.82817893109023,-0.9422321319580078,237.26472496311723,10,1508274732
678268255,B,50.8281301376253,-0.942352294921875,237.2647521989436,10,1508274733
678268255,B,50.82808134416038,-0.9424724578857422,237.26477945000045,10,1508274734
678268255,B,50.82803255069546,-0.9425926208496094,237.26480669080496,10,1508274735
678268255,B,50.82798375723054,-0.9427127838134766,237.2648339247549,10,1508274736
678268255,B,50.82793496376562,-0.9428329467773438,237.2648611739353,10,1508274737
678268255,B,50.827886170300694,-0.9429531097412109,237.264888406068,10,1508274738
678268255,B,50.827837376835774,-0.9430732727050781,237.26491565003346,10,1508274739
678268255,B,50.827788583370854,-0.9431934356689453,237.264942890542,10,1508274740
678268255,B,50.82775760315926,-0.943340573992048,251.56507399051083,10,1508274741
678268255,B,50.82772662294767,-0.9434877123151507,251.56508540095786,10,1508274742
678268255,B,50.82769564273608,-0.9436348506382534,251.56509680430156,10,1508274743
678268255,B,50.827664662524484,-0.943781988961356,251.56510820763964,10,1508274744
678268255,B,50.82763368231289,-0.9439291272844587,251.565119621547,10,1508274745
678268255,B,50.8276027021013,-0.9440762656075614,251.56513102486076,10,1508274746
678268255,B,50.82757172188971,-0.9442234039306641,251.56514242989454,10,1508274747
678268255,B,50.82756511022464,-0.9443678506990758,265.85542056215195,10,1508274748
678268255,B,50.82755849855956,-0.9445122974674877,265.85542112921524,10,1508274749
678268255,B,50.82755188689449,-0.9446567442358994,265.8554217240877,10,1508274750
678268255,B,50.82754527522941,-0.9448011910043111,265.8554223050553,10,1508274751
678268255,B,50.82753866356434,-0.9449456377727229,265.85542289198315,10,1508274752
678268255,B,50.82753205189926,-0.9450900845411347,265.8554234729535,10,1508274753
678268255,B,50.82752544023419,-0.9452345313095465,265.8554240658382,10,1508274754
678268255,B,50.82751882856911,-0.9453789780779582,265.85542463687074,10,1508274755
678268255,B,50.82751221690404,-0.9455234248463701,265.8554252396956,10,1508274756
678268255,B,50.82750560523897,-0.9456678716147818,265.85542581469815,10,1508274757
678268255,B,50.82749899357389,-0.9458123183831936,265.855426397651,10,1508274758
678268255,B,50.82749238190882,-0.9459567651516054,265.855426990541,10,1508274759
678268255,B,50.82748577024374,-0.9461012119200172,265.85542756951656,10,1508274760
678268255,B,50.82747915857867,-0.9462456586884289,265.85542815445564,10,1508274761
678268255,B,50.82747254691359,-0.9463901054568407,265.8554287354208,10,1508274762
678268255,B,50.82746593524852,-0.9465345522252525,265.8554293283099,10,1508274763
678268255,B,50.82745932358345,-0.9466789989936643,265.8554299192056,10,1508274764
678268255,B,50.82745271191837,-0.946823445762076,265.8554304922228,10,1508274765
678268255,B,50.8274461002533,-0.9469678925304879,265.85543108113757,10,1508274766
678268255,B,50.82743948858822,-0.9471123392988996,265.85543166209845,10,1508274767
678268255,B,50.82743287692315,-0.9472567860673113,265.85543225498327,10,1508274768
678268255,B,50.82742626525807,-0.9474012328357231,265.8554328319733,10,1508274769
678268255,B,50.827419653593,-0.9475456796041349,265.85543342088715,10,1508274770
678268255,B,50.82741304192792,-0.9476901263725467,265.8554340058208,10,1508274771
678268255,B,50.82740643026285,-0.9478345731409584,265.8554345867838,10,1508274772
678268255,B,50.827399818597776,-0.9479790199093703,265.85543517967074,10,1508274773
678268255,B,50.8273932069327,-0.948123466677782,265.8554357566564,10,1508274774
678268255,B,50.827386595267626,-0.9482679134461938,265.8554363435792,10,1508274775
678268255,B,50.82737998360255,-0.9484123602146055,265.8554369265281,10,1508274776
678268255,B,50.827373371937476,-0.9485568069830174,265.8554375253746,10,1508274777
678268255,B,50.8273667602724,-0.9487012537514291,265.8554380904385,10,1508274778
678268255,B,50.827360148607326,-0.9488457005198409,265.85543868928136,10,1508274779
678268255,B,50.827353536942255,-0.9489901472882527,265.8554392722326,10,1508274780
678268255,B,50.827346925277176,-0.9491345940566644,265.85543984722995,10,1508274781
678268255,B,50.827340313612105,-0.9492790408250762,265.8554404420985,10,1508274782
678268255,B,50.827333701947026,-0.949423487593488,265.85544102107536,10,1508274783
678268255,B,50.827327090281955,-0.9495679343618998,265.85544160997983,10,1508274784
678268255,B,50.827320478616876,-0.9497123811303115,265.8554421949136,10,1508274785
678268255,B,50.827313866951805,-0.9498568278987233,265.8554427838209,10,1508274786
678268255,B,50.827307255286726,-0.9500012746671351,265.8554433588232,10,1508274787
678268255,B,50.827300643621655,-0.9501457214355469,265.8554439497136,10,1508274788
678268255,B,50.82738583826358,-0.9501988547188895,338.4982296909584,10,1508274789
678268255,B,50.827471032905514,-0.9502519880022321,338.49826534567285,10,1508274790
678268255,B,50.82755622754744,-0.9503051212855748,338.498301004743,10,1508274791
678268255,B,50.82764142218937,-0.9503582545689174,338.4983366646441,10,1508274792
678268255,B,50.8277266168313,-0.9504113878522601,338.4983723216881,10,1508274793
678268255,B,50.82781181147323,-0.9504645211356026,338.49840797737477,10,1508274794
678268255,B,50.82789700611516,-0.9505176544189453,338.4984436366877,10,1508274795
678268255,B,50.82798220075709,-0.950570787702288,338.49847929683153,10,1508274796
678268255,B,50.82806739539902,-0.9506239209856305,338.49851495124136,10,1508274797
678268255,B,50.82815259004095,-0.9506770542689732,338.4985506129246,10,1508274798
678268255,B,50.82823778468288,-0.9507301875523159,338.49858626522666,10,1508274799
678268255,B,50.82832297932481,-0.9507833208356585,338.49862192780154,10,1508274800
678268255,B,50.828408173966736,-0.9508364541190011,338.49865758537186,10,1508274801
678268255,B,50.82849336860867,-0.9508895874023438,338.49869324510956,10,1508274802
678268255,B,50.828578563250595,-0.9509427206856864,338.49872889911325,10,1508274803
678268255,B,50.82866375789253,-0.950995853969029,338.4987645627011,10,1508274804
678268255,B,50.828748952534454,-0.9510489872523716,338.49880021751477,10,1508274805
678268255,B,50.82883414717639,-0.9511021205357143,338.498835877536,10,1508274806
678268255,B,50.82891934181831,-0.951155253819057,338.4988715332413,10,1508274807
678268255,B,50.829004536460246,-0.9512083871023995,338.4989071963425,10,1508274808
678268255,B,50.82908973110217,-0.9512615203857422,338.4989428521283,10,1508274809
678268255,B,50.8291182644803,-0.9514015599300987,287.87865878804337,10,1508274810
678268255,B,50.82914679785843,-0.9515415994744552,287.87866901497677,10,1508274811
678268255,B,50.82917533123656,-0.9516816390188116,287.87867925312185,10,1508274812
678268255,B,50.82920386461469,-0.9518216785631681,287.8786894838183,10,1508274813
678268255,B,50.82923239799282,-0.9519617181075247,287.878699718249,10,1508274814
678268255,B,50.829260931370946,-0.9521017576518812,287.8787099489897,10,1508274815
678268255,B,50.829289464749074,-0.9522417971962377,287.8787201815986,10,1508274816
678268255,B,50.82931799812721,-0.9523818367405942,287.87873041982107,10,1508274817
678268255,B,50.82934653150534,-0.9525218762849507,287.8787406487289,10,1508274818
678268255,B,50.829375064883465,-0.9526619158293071,287.8787508739201,10,1508274819
678268255,B,50.82940359826159,-0.9528019553736636,287.87876111032307,10,1508274820
678268255,B,50.82943213163973,-0.9529419949180201,287.8787713504735,10,1508274821
678268255,B,50.829460665017855,-0.9530820344623766,287.8787815719792,10,1508274822
678268255,B,50.82948919839598,-0.9532220740067331,287.8787918102945,10,1508274823
678268255,B,50.82951773177411,-0.9533621135510897,287.87880203928194,10,1508274824
678268255,B,50.82954626515224,-0.9535021530954462,287.8788122776416,10,1508274825
678268255,B,50.82957479853037,-0.9536421926398027,287.8788225141374,10,1508274826
678268255,B,50.8296033319085,-0.9537822321841591,287.8788327450506,10,1508274827
678268255,B,50.82963186528663,-0.9539222717285156,287.8788429703812,10,1508274828
678268255,B,50.82971860504358,-0.9539794921875,337.3798926367453,10,1508274829
678268255,B,50.82980534480053,-0.9540367126464844,337.37993043572936,10,1508274830
678268255,B,50.829892084557486,-0.9540939331054688,337.3799682347808,10,1508274831
678268255,B,50.829978824314445,-0.9541511535644531,337.3800060346456,10,1508274832
678268255,B,50.8300655640714,-0.9542083740234375,337.38004383308595,10,1508274833
678268255,B,50.83015230382835,-0.9542655944824219,337.3800816323396,10,1508274834
678268255,B,50.8302390435853,-0.9543228149414062,337.3801194316607,10,1508274835
678268255,B,50.83032578334225,-0.9543800354003906,337.3801572303033,10,1508274836
678268255,B,50.830412523099206,-0.954437255859375,337.3801950290133,10,1508274837
678268255,B,50.83049926285616,-0.9544944763183594,337.3802328300283,10,1508274838
678268255,B,50.83058600261311,-0.9545516967773438,337.380270629619,10,1508274839
678268255,B,50.83067274237007,-0.9546089172363281,337.380308430023,10,1508274840
678268255,B,50.83075948212702,-0.9546661376953125,337.3803462282567,10,1508274841
678268255,B,50.830846221883974,-0.9547233581542969,337.3803840273037,10,1508274842
678268255,B,50.830932961640926,-0.9547805786132812,337.38042182865576,10,1508274843
678268255,B,50.83096910249276,-0.9549121856689453,293.49850313993625,10,1508274844
678268255,B,50.83100524334459,-0.9550437927246094,293.4985193594722,10,1508274845
678268255,B,50.83104138419643,-0.9551753997802734,293.4985355901002,10,1508274846
678268255,B,50.831077525048265,-0.9553070068359375,293.4985518004763,10,1508274847
678268255,B,50.8311136659001,-0.9554386138916016,293.4985680293195,10,1508274848
678268255,B,50.83114980675193,-0.9555702209472656,293.49858424528577,10,1508274849
678268255,B,50.831185947603764,-0.9557018280029297,293.4986004705004,10,1508274850
678268255,B,50.831222088455604,-0.9558334350585938,293.49861668836934,10,1508274851
678268255,B,50.83125822930744,-0.9559650421142578,293.49863291179906,10,1508274852
678268255,B,50.83129437015927,-0.9560966491699219,293.49864913157074,10,1508274853
678268255,B,50.8313305110111,-0.9562282562255859,293.49866535874696,10,1508274854
678268255,B,50.831366651862936,-0.95635986328125,293.4986815767338,10,1508274855
678268255,B,50.831402792714776,-0.9564914703369141,293.49869780581264,10,1508274856
678268255,B,50.83143893356661,-0.9566230773925781,293.49871402201467,10,1508274857
678268255,B,50.83147507441844,-0.9567546844482422,293.4987302419337,10,1508274858
678268255,B,50.83156542523634,-0.9567832946777344,348.68999330312477,10,1508274859
678268255,B,50.83165577605424,-0.9568119049072266,348.69001463285116,10,1508274860
678268255,B,50.83174612687213,-0.9568405151367188,348.69003595872937,10,1508274861
678268255,B,50.83183647769003,-0.9568691253662109,348.69005728851687,10,1508274862
678268255,B,50.83192682850793,-0.9568977355957031,348.69007861678347,10,1508274863
678268255,B,50.83201717932583,-0.9569263458251953,348.69009994508065,10,1508274864
678268255,B,50.83210753014372,-0.9569549560546875,348.69012127224477,10,1508274865
678268255,B,50.83219788096162,-0.9569835662841797,348.69014260137885,10,1508274866
678268255,B,50.83228823177952,-0.9570121765136719,348.6901639297677,10,1508274867
678268255,B,50.8323801510335,-0.9570196400518003,357.0642659612383,10,1508274868
678268255,B,50.832472070287466,-0.9570271035899287,357.064271732455,10,1508274869
678268255,B,50.83256398954144,-0.957034567128057,357.0642775040272,10,1508274870
678268255,B,50.83265590879541,-0.9570420306661854,357.0642832749113,10,1508274871
678268255,B,50.832747828049385,-0.9570494942043138,357.0642890466579,10,1508274872
678268255,B,50.83283974730336,-0.9570569577424423,357.06429481800643,10,1508274873
678268255,B,50.83293166655733,-0.9570644212805706,357.06430058869637,10,1508274874
678268255,B,50.833023585811304,-0.957071884818699,357.0643063608278,10,1508274875
678268255,B,50.83311550506527,-0.9570793483568274,357.06431213189495,10,1508274876
678268255,B,50.83320742431925,-0.9570868118949558,357.06431790317254,10,1508274877
678268255,B,50.83329934357322,-0.9570942754330842,357.06432367506613,10,1508274878
678268255,B,50.83339126282719,-0.9571017389712125,357.0643294461997,10,1508274879
678268255,B,50.83348318208117,-0.957109202509341,357.06433521735505,10,1508274880
678268255,B,50.83357510133514,-0.9571166660474694,357.0643409890686,10,1508274881
678268255,B,50.83366702058911,-0.9571241295855978,357.0643467599786,10,1508274882
678268255,B,50.83375893984309,-0.9571315931237262,357.0643525318088,10,1508274883
678268255,B,50.833850859097055,-0.9571390566618545,357.0643583030818,10,1508274884
678268255,B,50.83394277835103,-0.9571465201999829,357.06436407447796,10,1508274885
678268255,B,50.834034697605006,-0.9571539837381113,357.0643698464324,10,1508274886
678268255,B,50.834126616858974,-0.9571614472762398,357.06437561768456,10,1508274887
678268255,B,50.83421853611295,-0.9571689108143681,357.06438138878514,10,1508274888
678268255,B,50.83431045536692,-0.9571763743524965,357.06438716021177,10,1508274889
678268255,B,50.83440237462089,-0.9571838378906249,357.06439293229795,10,1508274890
678268255,B,50.83449046124589,-0.9571409225463866,17.102818717659545,10,1508274891
678268255,B,50.83457854787089,-0.9570980072021483,17.10278832261139,10,1508274892
678268255,B,50.83466663449589,-0.95705509185791,17.10275792693369,10,1508274893
678268255,B,50.83475472112089,-0.9570121765136719,17.102727530003392,10,1508274894
678268255,B,50.83484280774589,-0.9569692611694336,17.102697133108393,10,1508274895
678268255,B,50.83493089437089,-0.9569263458251953,17.102666737868276,10,1508274896
678268255,B,50.83501898099589,-0.956883430480957,17.102636343161635,10,1508274897
678268255,B,50.83510706762089,-0.9568405151367188,17.102605948407017,10,1508274898
678268255,B,50.835145786611754,-0.9567056383405413,65.55604664998896,10,1508274899
678268255,B,50.83518450560262,-0.9565707615443638,65.55602874346903,10,1508274900
678268255,B,50.835223224593484,-0.9564358847481864,65.55601083865207,10,1508274901
678268255,B,50.83526194358434,-0.9563010079520089,65.5559929391552,10,1508274902
678268255,B,50.83530066257521,-0.9561661311558315,65.55597502363128,10,1508274903
678268255,B,50.83533938156607,-0.956031254359654,65.5559571205194,10,1508274904
678268255,B,50.83537810055694,-0.9558963775634766,65.55593921201853,10,1508274905
678268255,B,50.835363316959416,-0.9557481245561079,98.9725831183867,10,1508274906
678268255,B,50.835348533361895,-0.9555998715487394,98.97258032622597,10,1508274907
678268255,B,50.835333749764374,-0.9554516185413707,98.97257753025639,10,1508274908
678268255,B,50.83531896616685,-0.9553033655340022,98.97257473430238,10,1508274909
678268255,B,50.83530418256933,-0.9551551125266335,98.9725719364385,10,1508274910
678268255,B,50.8352893989718,-0.955006859519265,98.97256914428704,10,1508274911
678268255,B,50.83527461537428,-0.9548586065118964,98.97256635022569,10,1508274912
678268255,B,50.83525983177676,-0.9547103535045278,98.97256354478606,10,1508274913
678268255,B,50.83524504817924,-0.9545621004971592,98.97256075642628,10,1508274914
678268255,B,50.83523026458172,-0.9544138474897906,98.97255795478924,10,1508274915
678268255,B,50.835215480984196,-0.954265594482422,98.97255516453515,10,1508274916
678268255,B,50.835144333929506,-0.9541690349578859,139.39899160215458,10,1508274917
678268255,B,50.83507318687481,-0.9540724754333497,139.39894845026947,10,1508274918
678268255,B,50.83500203982012,-0.9539759159088136,139.3989052845621,10,1508274919
678268255,B,50.83493089276543,-0.9538793563842775,139.3988621290789,10,1508274920
678268255,B,50.83485974571073,-0.9537827968597413,139.39881897369514,10,1508274921
678268255,B,50.83478859865604,-0.9536862373352052,139.39877581334827,10,1508274922
678268255,B,50.83471745160135,-0.9535896778106691,139.39873265816334,10,1508274923
678268255,B,50.83464630454665,-0.9534931182861328,139.3986895030451,10,1508274924
678268255,B,50.83457515749196,-0.9533965587615967,139.39864634176337,10,1508274925
678268255,B,50.83450401043727,-0.9532999992370605,139.39860318054843,10,1508274926
678268255,B,50.83443286338258,-0.9532034397125244,139.3985600244954,10,1508274927
678268255,B,50.834361716327884,-0.9531068801879883,139.39851687360408,10,1508274928
678268255,B,50.83429056927319,-0.9530103206634521,139.39847370762493,10,1508274929
678268255,B,50.8342194222185,-0.952913761138916,139.3984305607292,10,1508274930
678268255,B,50.834148275163805,-0.9528172016143799,139.39838739874557,10,1508274931
678268255,B,50.834077128109115,-0.9527206420898438,139.39834424065816,10,1508274932
678268255,B,50.83400990905238,-0.95262451171875,137.91129310444,10,1508274933
678268255,B,50.83394268999564,-0.9525283813476563,137.9112520647949,10,1508274934
678268255,B,50.8338754709389,-0.9524322509765625,137.91121101034264,10,1508274935
678268255,B,50.83380825188216,-0.9523361206054688,137.91116997088216,10,1508274936
678268255,B,50.83374103282543,-0.952239990234375,137.91112891796308,10,1508274937
678268255,B,50.83367381376869,-0.9521438598632812,137.91108787191183,10,1508274938
678268255,B,50.83360659471195,-0.9520477294921875,137.91104683407696,10,1508274939
678268255,B,50.833539375655214,-0.9519515991210937,137.91100578008638,10,1508274940
678268255,B,50.833472156598475,-0.95185546875,137.9109647410877,10,1508274941
678268255,B,50.83340493754174,-0.9517593383789062,137.91092369132735,10,1508274942
678268255,B,50.833337718485,-0.9516632080078125,137.91088264708634,10,1508274943
678268255,B,50.83327049942826,-0.9515670776367188,137.9108416029706,10,1508274944
678268255,B,50.83320328037153,-0.951470947265625,137.9108005507902,10,1508274945
678268255,B,50.83313606131479,-0.9513748168945313,137.91075951225332,10,1508274946
678268255,B,50.83306884225805,-0.9512786865234375,137.91071846295472,10,1508274947
678268255,B,50.83300162320131,-0.9511825561523437,137.91067742052394,10,1508274948
678268255,B,50.832934404144574,-0.95108642578125,137.9106363768699,10,1508274949
678268255,B,50.832867185087835,-0.9509902954101562,137.91059533054533,10,1508274950
678268255,B,50.8327999660311,-0.9508941650390625,137.91055428842452,10,1508274951
678268255,B,50.83273274697436,-0.9507980346679688,137.9105132382391,10,1508274952
678268255,B,50.83266552791763,-0.950701904296875,137.91047219087596,10,1508274953
678268255,B,50.83259830886089,-0.9506057739257813,137.9104311557748,10,1508274954
678268255,B,50.83253108980415,-0.9505096435546875,137.9103901045179,10,1508274955
678268255,B,50.83246387074741,-0.9504135131835938,137.91034906690436,10,1508274956
678268255,B,50.83239665169067,-0.9503173828125,137.91030801583213,10,1508274957
678268255,B,50.832357499806,-0.9501886367797852,115.71006354636484,10,1508274958
678268255,B,50.83231834792132,-0.9500598907470703,115.71004476286572,10,1508274959
678268255,B,50.83227919603665,-0.9499311447143555,115.71002597212544,10,1508274960
678268255,B,50.83224004415198,-0.9498023986816406,115.7100071886984,10,1508274961
678268255,B,50.8322008922673,-0.9496736526489258,115.70998840712673,10,1508274962
678268255,B,50.83216174038263,-0.9495449066162109,115.70996961467529,10,1508274963
678268255,B,50.83212258849796,-0.9494161605834961,115.70995083317564,10,1508274964
678268255,B,50.83208343661328,-0.9492874145507812,115.70993205535069,10,1508274965
678268255,B,50.83204428472861,-0.9491586685180664,115.7099132648267,10,1508274966
678268255,B,50.83200513284394,-0.9490299224853516,115.70989447797729,10,1508274967
678268255,B,50.83196598095926,-0.9489011764526367,115.70987570026045,10,1508274968
678268255,B,50.83192682907459,-0.9487724304199219,115.70985690984458,10,1508274969
678268255,B,50.83188767718992,-0.948643684387207,115.70983812310328,10,1508274970
678268255,B,50.83184852530524,-0.9485149383544922,115.70981933821736,10,1508274971
678268255,B,50.83180937342057,-0.9483861923217773,115.7098005551868,10,1508274972
678268255,B,50.8317702215359,-0.9482574462890625,115.70978176491508,10,1508274973
678268255,B,50.83173106965122,-0.9481287002563477,115.7097629892337,10,1508274974
678268255,B,50.83169191776655,-0.9479999542236328,115.70974420085338,10,1508274975
678268255,B,50.83159704786521,-0.9479856491088867,174.55972287322697,10,1508274976
678268255,B,50.83150217796387,-0.9479713439941406,174.55971188208832,10,1508274977
678268255,B,50.83140730806253,-0.9479570388793945,174.559700892234,10,1508274978
678268255,B,50.83131243816119,-0.9479427337646484,174.55968990021927,10,1508274979
678268255,B,50.83121756825985,-0.9479284286499023,174.5596789096702,10,1508274980
678268255,B,50.83112269835851,-0.9479141235351562,174.5596679187737,10,1508274981
678268255,B,50.83102782845718,-0.9478998184204102,174.55965692771122,10,1508274982
678268255,B,50.83093295855584,-0.9478855133056641,174.55964593666386,10,1508274983
678268255,B,50.8308380886545,-0.947871208190918,174.55963494617572,10,1508274984
678268255,B,50.83074321875316,-0.9478569030761719,174.5596239557027,10,1508274985
678268255,B,50.830648348851824,-0.9478425979614258,174.55961296451983,10,1508274986
678268255,B,50.830553478950485,-0.9478282928466797,174.55960197389606,10,1508274987
678268255,B,50.83050419499767,-0.9477034482088956,122.00547074832213,10,1508274988
678268255,B,50.83045491104485,-0.9475786035711115,122.00544357002423,10,1508274989
678268255,B,50.83040562709204,-0.9474537589333274,122.00541637853769,10,1508274990
678268255,B,50.83035634313922,-0.9473289142955433,122.00538919207406,10,1508274991
678268255,B,50.83030705918641,-0.9472040696577592,122.00536200398608,10,1508274992
678268255,B,50.83025777523359,-0.9470792250199751,122.0053348143424,10,1508274993
678268255,B,50.83020849128078,-0.9469543803821909,122.00530762305141,10,1508274994
678268255,B,50.83015920732796,-0.9468295357444069,122.00528043685205,10,1508274995
678268255,B,50.83010992337515,-0.9467046911066228,122.00525325235202,10,1508274996
678268255,B,50.83006063942233,-0.9465798464688386,122.0052260595802,10,1508274997
678268255,B,50.830011355469516,-0.9464550018310546,122.0051988719,10,1508274998
678268255,B,50.82999780228018,-0.9463047981262206,98.13005693653406,10,1508274999
678268255,B,50.82998424909084,-0.9461545944213866,98.13005461885427,10,1508275000
678268255,B,50.82997069590151,-0.9460043907165526,98.13005228235215,10,1508275001
678268255,B,50.82995714271217,-0.9458541870117186,98.13004995149907,10,1508275002
678268255,B,50.829943589522834,-0.9457039833068847,98.13004762629492,10,1508275003
678268255,B,50.829930036333494,-0.9455537796020508,98.13004528980412,10,1508275004
678268255,B,50.82991648314416,-0.9454035758972168,98.13004296648,10,1508275005
678268255,B,50.82990292995483,-0.9452533721923828,98.13004063186918,10,1508275006
678268255,B,50.829889376765486,-0.9451031684875488,98.13003831420178,10,1508275007
678268255,B,50.82987582357615,-0.9449529647827148,98.13003597771211,10,1508275008
678268255,B,50.82986227038681,-0.9448027610778809,98.13003364875385,10,1508275009
678268255,B,50.82984871719748,-0.9446525573730469,98.13003131979735,10,1508275010
678268255,B,50.82981483406673,-0.9445023536682129,109.6538119356785,10,1508275011
678268255,B,50.829780950935984,-0.9443521499633789,109.65379876952795,10,1508275012
678268255,B,50.82974706780524,-0.9442019462585449,109.653785594883,10,1508275013
678268255,B,50.829713184674496,-0.9440517425537109,109.6537724168544,10,1508275014
678268255,B,50.82967930154375,-0.943901538848877,109.65375924907016,10,1508275015
678268255,B,50.82964541841301,-0.943751335144043,109.65374607449513,10,1508275016
678268255,B,50.82961153528226,-0.943601131439209,109.65373290335049,10,1508275017
678268255,B,50.829577652151514,-0.943450927734375,109.6537197254151,10,1508275018
678268255,B,50.82950717450291,-0.9433565139770508,139.76379704181636,10,1508275019
678268255,B,50.8294366968543,-0.9432621002197266,139.76375438596295,10,1508275020
678268255,B,50.82936621920569,-0.9431676864624023,139.763711732756,10,1508275021
678268255,B,50.82929574155708,-0.9430732727050781,139.76366907837053,10,1508275022
678268255,B,50.82922526390848,-0.9429788589477539,139.76362641898152,10,1508275023
678268255,B,50.82915478625987,-0.9428844451904297,139.76358376351413,10,1508275024
678268255,B,50.829084308611264,-0.9427900314331055,139.7635411043181,10,1508275025
678268255,B,50.82901383096265,-0.9426956176757812,139.7634984541436,10,1508275026
678268255,B,50.828943353314045,-0.942601203918457,139.76345579896565,10,1508275027
678268255,B,50.82887287566544,-0.9425067901611328,139.76341314260912,10,1508275028
678268255,B,50.828784958031946,-0.9425485456312025,196.69872585853082,10,1508275029
678268255,B,50.82869704039845,-0.9425903011012722,196.69875555722712,10,1508275030
678268255,B,50.82860912276496,-0.9426320565713419,196.69878525530663,10,1508275031
678268255,B,50.82852120513146,-0.9426738120414115,196.69881495333973,10,1508275032
678268255,B,50.828433287497965,-0.9427155675114812,196.69884465360838,10,1508275033
678268255,B,50.82834536986447,-0.9427573229815509,196.69887435211925,10,1508275034
678268255,B,50.82825745223098,-0.9427990784516206,196.69890405115422,10,1508275035
678268255,B,50.828169534597485,-0.9428408339216903,196.69893374729045,10,1508275036
678268255,B,50.82808161696399,-0.94288258939176,196.6989634485146,10,1508275037
678268255,B,50.82799369933049,-0.9429243448618296,196.69899314341714,10,1508275038
678268255,B,50.827905781697,-0.9429661003318993,196.69902284397807,10,1508275039
678268255,B,50.827817864063505,-0.943007855801969,196.69905254278123,10,1508275040
678268255,B,50.82772994643001,-0.9430496112720387,196.6990822386856,10,1508275041
678268255,B,50.82764202879652,-0.9430913667421084,196.69911193853702,10,1508275042
678268255,B,50.827554111163025,-0.943133122212178,196.6991416360601,10,1508275043
678268255,B,50.827466193529524,-0.9431748776822477,196.69917133239585,10,1508275044
678268255,B,50.82737827589603,-0.9432166331523174,196.69920103267862,10,1508275045
678268255,B,50.82729035826254,-0.9432583886223871,196.6992307306331,10,1508275046
678268255,B,50.827202440629044,-0.9433001440924567,196.69926042849926,10,1508275047
678268255,B,50.82711452299555,-0.9433418995625263,196.69929012640293,10,1508275048
678268255,B,50.82702660536206,-0.943383655032596,196.69931982421835,10,1508275049
678268255,B,50.82693868772856,-0.9434254105026657,196.69934951970538,10,1508275050
678268255,B,50.826850770095064,-0.9434671659727354,196.69937921970998,10,1508275051
678268255,B,50.82676285246157,-0.9435089214428051,196.6994089168158,10,1508275052
678268255,B,50.82667493482808,-0.9435506769128748,196.6994386138752,10,1508275053
678268255,B,50.82658701719458,-0.9435924323829444,196.69946831202924,10,1508275054
678268255,B,50.82649909956109,-0.9436341878530141,196.6994980101369,10,1508275055
678268255,B,50.82641118192759,-0.9436759433230838,196.69952770648675,10,1508275056
678268255,B,50.826323264294096,-0.9437176987931535,196.69955740564268,10,1508275057
678268255,B,50.8262353466606,-0.9437594542632232,196.69958710132929,10,1508275058
678268255,B,50.82614742902711,-0.9438012097332928,196.69961679982197,10,1508275059
678268255,B,50.826059511393616,-0.9438429652033625,196.69964649655682,10,1508275060
678268255,B,50.82597159376012,-0.9438847206734322,196.69967619495682,10,1508275061
678268255,B,50.82588367612662,-0.9439264761435019,196.69970589102843,10,1508275062
678268255,B,50.82579575849313,-0.9439682316135716,196.6997355864832,10,1508275063
678268255,B,50.825707840859636,-0.9440099870836413,196.69976528531458,10,1508275064
678268255,B,50.82561992322614,-0.9440517425537109,196.6997949829586,10,1508275065
678268255,B,50.82554337943539,-0.9441325243781594,213.6897520012785,10,1508275066
678268255,B,50.82546683564463,-0.944213306202608,213.6897953513146,10,1508275067
678268255,B,50.82539029185388,-0.9442940880270565,213.68983871327399,10,1508275068
678268255,B,50.825313748063124,-0.9443748698515051,213.68988206202945,10,1508275069
678268255,B,50.82523720427237,-0.9444556516759536,213.68992542051052,10,1508275070
678268255,B,50.825160660481615,-0.9445364335004021,213.68996878003585,10,1508275071
678268255,B,50.82508411669086,-0.9446172153248507,213.69001212632082,10,1508275072
678268255,B,50.825007572900105,-0.9446979971492991,213.69005548892434,10,1508275073
678268255,B,50.82493102910935,-0.9447787789737477,213.6900988383239,10,1508275074
678268255,B,50.824854485318596,-0.9448595607981962,213.6901421963503,10,1508275075
678268255,B,50.82477794152784,-0.9449403426226448,213.69018554996325,10,1508275076
678268255,B,50.82470139773709,-0.9450211244470933,213.69022890561016,10,1508275077
678268255,B,50.82462485394633,-0.9451019062715418,213.6902722568072,10,1508275078
678268255,B,50.82454831015558,-0.9451826880959904,213.6903156156414,10,1508275079
678268255,B,50.82447176636482,-0.9452634699204389,213.6903589655214,10,1508275080
678268255,B,50.82439522257407,-0.9453442517448875,213.69040232197608,10,1508275081
678268255,B,50.824318678783314,-0.9454250335693359,213.69044567606952,10,1508275082
678268255,B,50.82423734888059,-0.945486341203962,205.46311700580273,10,1508275083
678268255,B,50.82415601897787,-0.9455476488385882,205.46315574831607,10,1508275084
678268255,B,50.82407468907514,-0.9456089564732143,205.46319448893965,10,1508275085
678268255,B,50.82399335917242,-0.9456702641078404,205.4632332347522,10,1508275086
678268255,B,50.82391202926969,-0.9457315717424665,205.46327196918824,10,1508275087
678268255,B,50.82383069936697,-0.9457928793770927,205.46331071751084,10,1508275088
678268255,B,50.823749369464245,-0.9458541870117188,205.46334945437633,10,1508275089
678268255,B,50.82366803956152,-0.9459154946463448,205.46338819295184,10,1508275090
678268255,B,50.8235867096588,-0.945976802280971,205.4634269410652,10,1508275091
678268255,B,50.82350537975607,-0.9460381099155971,205.46346567859115,10,1508275092
678268255,B,50.82342404985335,-0.9460994175502232,205.46350441869689,10,1508275093
678268255,B,50.823342719950624,-0.9461607251848493,205.46354316134213,10,1508275094
678268255,B,50.823261390047904,-0.9462220328194755,205.46358190221838,10,1508275095
678268255,B,50.82318006014518,-0.9462833404541016,205.46362064033502,10,1508275096
678268255,B,50.82311906133685,-0.946395993232727,229.3984716281961,10,1508275097
678268255,B,50.82305806252851,-0.9465086460113525,229.39850860876658,10,1508275098
678268255,B,50.82299706372018,-0.946621298789978,229.3985455981063,10,1508275099
678268255,B,50.82293606491184,-0.9467339515686035,229.39858258440586,10,1508275100
678268255,B,50.822875066103514,-0.946846604347229,229.3986195720938,10,1508275101
678268255,B,50.82281406729518,-0.9469592571258545,229.39865655378927,10,1508275102
678268255,B,50.82275306848685,-0.94707190990448,229.3986935368731,10,1508275103
678268255,B,50.82269206967851,-0.9471845626831055,229.3987305302023,10,1508275104
678268255,B,50.82263107087018,-0.947297215461731,229.39876751458672,10,1508275105
678268255,B,50.82257007206185,-0.9474098682403564,229.39880450183563,10,1508275106
678268255,B,50.822509073253514,-0.9475225210189819,229.39884148309213,10,1508275107
678268255,B,50.822448074445184,-0.9476351737976074,229.39887847459397,10,1508275108
678268255,B,50.82238707563685,-0.9477478265762329,229.3989154541987,10,1508275109
678268255,B,50.82232607682852,-0.9478604793548584,229.39895244404877,10,1508275110
678268255,B,50.82226507802018,-0.9479731321334839,229.39898942643023,10,1508275111
678268255,B,50.82220407921185,-0.9480857849121094,229.3990264131524,10,1508275112
678268255,B,50.82221957111662,-0.948232923235212,279.4623699856329,10,1508275113
678268255,B,50.82223506302138,-0.9483800615583147,279.46237307788937,10,1508275114
678268255,B,50.82225055492615,-0.9485271998814173,279.46237615298077,10,1508275115
678268255,B,50.82226604683091,-0.9486743382045201,279.46237924142054,10,1508275116
678268255,B,50.82228153873568,-0.9488214765276227,279.46238232606197,10,1508275117
678268255,B,50.82229703064044,-0.9489686148507254,279.4623853954388,10,1508275118
678268255,B,50.82231252254521,-0.949115753173828,279.46238848961616,10,1508275119
678268255,B,50.82240124787854,-0.9491781754927201,336.0373331831697,10,1508275120
678268255,B,50.822489973211866,-0.9492405978116121,336.0373735891229,10,1508275121
678268255,B,50.822578698545186,-0.9493030201305042,336.03741399431453,10,1508275122
678268255,B,50.822667423878514,-0.9493654424493962,336.0374544057185,10,1508275123
678268255,B,50.82275614921184,-0.9494278647682883,336.0374948088138,10,1508275124
678268255,B,50.82284487454517,-0.9494902870871803,336.0375352211704,10,1508275125
678268255,B,50.822933599878496,-0.9495527094060724,336.0375756259051,10,1508275126
678268255,B,50.823022325211824,-0.9496151317249645,336.0376160353275,10,1508275127
678268255,B,50.823111050545144,-0.9496775540438566,336.0376564402526,10,1508275128
678268255,B,50.82319977587847,-0.9497399763627485,336.0376968521523,10,1508275129
678268255,B,50.8232885012118,-0.9498023986816406,336.0377372610036,10,1508275130
678268255,B,50.82338067510155,-0.9497852325439453,6.7098892194492805,10,1508275131
678268255,B,50.82347284899131,-0.94976806640625,6.709876093652497,10,1508275132
678268255,B,50.82356502288106,-0.9497509002685547,6.709862967837864,10,1508275133
678268255,B,50.82365719677082,-0.9497337341308594,6.7098498436112095,10,1508275134
678268255,B,50.823749370660565,-0.9497165679931641,6.709836717301869,10,1508275135
678268255,B,50.82384154455032,-0.9496994018554686,6.709823591935333,10,1508275136
678268255,B,50.823933718440074,-0.9496822357177733,6.70981046554715,10,1508275137
678268255,B,50.82402589232983,-0.949665069580078,6.709797340331193,10,1508275138
678268255,B,50.82411806621958,-0.9496479034423827,6.709784213950229,10,1508275139
678268255,B,50.82421024010934,-0.9496307373046874,6.709771088468983,10,1508275140
678268255,B,50.82426897690587,-0.9495162963867186,50.90650245279892,10,1508275141
678268255,B,50.8243277137024,-0.9494018554687499,50.90646717568711,10,1508275142
678268255,B,50.824386450498935,-0.9492874145507811,50.90643189393711,10,1508275143
678268255,B,50.824445187295474,-0.9491729736328124,50.90639661969624,10,1508275144
678268255,B,50.82450392409201,-0.9490585327148436,50.90636133929877,10,1508275145
678268255,B,50.82456266088854,-0.9489440917968749,50.90632606792883,10,1508275146
678268255,B,50.82462139768507,-0.9488296508789061,50.90629078432869,10,1508275147
678268255,B,50.8246801344816,-0.9487152099609374,50.90625550975608,10,1508275148
678268255,B,50.82473887127814,-0.9486007690429686,50.90622022750847,10,1508275149
678268255,B,50.824797608074675,-0.9484863281249999,50.90618495580679,10,1508275150
678268255,B,50.82485634487121,-0.9483718872070311,50.90614967794852,10,1508275151
678268255,B,50.82491508166774,-0.9482574462890625,50.906114395424936,10,1508275152
678268255,B,50.82497381846427,-0.9481430053710938,50.90607912350163,10,1508275153
678268255,B,50.825032555260805,-0.948028564453125,50.906043840839345,10,1508275154
678268255,B,50.82509129205734,-0.9479141235351562,50.90600856264933,10,1508275155
678268255,B,50.82515002885388,-0.9477996826171875,50.90597328437639,10,1508275156
678268255,B,50.82520876565041,-0.9476852416992188,50.90593801209417,10,1508275157
678268255,B,50.82526750244694,-0.94757080078125,50.905902723026486,10,1508275158
678268255,B,50.82532623924347,-0.9474563598632812,50.90586744906,10,1508275159
678268255,B,50.825384976040006,-0.9473419189453125,50.90583217501052,10,1508275160
678268255,B,50.825443712836545,-0.9472274780273438,50.90579688873083,10,1508275161
678268255,B,50.82550244963308,-0.947113037109375,50.90576161603394,10,1508275162
678268255,B,50.82556118642961,-0.9469985961914062,50.905726332625136,10,1508275163
678268255,B,50.82561992322614,-0.9468841552734375,50.905691058243974,10,1508275164
678268255,B,50.82568618853427,-0.9467840194702148,43.66808658706918,10,1508275165
678268255,B,50.8257524538424,-0.9466838836669922,43.66804597048241,10,1508275166
678268255,B,50.825818719150526,-0.9465837478637695,43.66800535380236,10,1508275167
678268255,B,50.82588498445865,-0.9464836120605469,43.66796473153494,10,1508275168
678268255,B,50.82595124976678,-0.9463834762573242,43.66792412153609,10,1508275169
678268255,B,50.82601751507491,-0.9462833404541016,43.66788349496153,10,1508275170
678268255,B,50.82608378038304,-0.9461832046508789,43.667842882029106,10,1508275171
678268255,B,50.826150045691165,-0.9460830688476562,43.66780226213575,10,1508275172
678268255,B,50.8262163109993,-0.9459829330444336,43.667761639402045,10,1508275173
678268255,B,50.82628257630743,-0.9458827972412109,43.66772102481633,10,1508275174
678268255,B,50.826348841615555,-0.9457826614379883,43.66768041288441,10,1508275175
678268255,B,50.82641510692368,-0.9456825256347656,43.66763978162976,10,1508275176
678268255,B,50.82648137223181,-0.945582389831543,43.667599168137826,10,1508275177
678268255,B,50.82654763753994,-0.9454822540283203,43.667558553179106,10,1508275178
678268255,B,50.82661390284807,-0.9453821182250977,43.66751792851238,10,1508275179
678268255,B,50.826680168156194,-0.945281982421875,43.66747731199359,10,1508275180
678268255,B,50.82674643346432,-0.9451818466186523,43.667436687140366,10,1508275181
678268255,B,50.82681269877245,-0.9450817108154297,43.667396074555654,10,1508275182
678268255,B,50.82690418747543,-0.9450548887252808,10.491617397922823,10,1508275183
678268255,B,50.8269956761784,-0.9450280666351318,10.49159729485092,10,1508275184
678268255,B,50.82708716488138,-0.9450012445449829,10.491577188897224,10,1508275185
678268255,B,50.827178653584355,-0.944974422454834,10.491557085411216,10,1508275186
678268255,B,50.82727014228733,-0.9449476003646851,10.491536981539753,10,1508275187
678268255,B,50.82736163099031,-0.9449207782745361,10.491516876569676,10,1508275188
678268255,B,50.82745311969328,-0.9448939561843872,10.49149677406723,10,1508275189
678268255,B,50.82754460839626,-0.9448671340942383,10.491476667613028,10,1508275190
678268255,B,50.82763609709924,-0.9448403120040894,10.491456564339785,10,1508275191
678268255,B,50.82772758580221,-0.9448134899139404,10.491436460324508,10,1508275192
678268255,B,50.827819074505186,-0.9447866678237915,10.491416355567196,10,1508275193
678268255,B,50.827910563208164,-0.9447598457336426,10.49139625006785,10,1508275194
678268255,B,50.82800205191114,-0.9447330236434937,10.491376146322864,10,1508275195
678268255,B,50.82809354061412,-0.9447062015533447,10.491356042192535,10,1508275196
678268255,B,50.82818502931709,-0.9446793794631958,10.491335938390023,10,1508275197
678268255,B,50.82827651802007,-0.9446525573730469,10.49131583241899,10,1508275198
678268255,B,50.82835614365475,-0.9445855021476746,28.009778791020267,10,1508275199
678268255,B,50.828435769289435,-0.9445184469223022,28.009738270991136,10,1508275200
678268255,B,50.82851539492412,-0.9444513916969299,28.009697749936777,10,1508275201
678268255,B,50.828595020558794,-0.9443843364715576,28.009657232601626,10,1508275202
678268255,B,50.82867464619348,-0.9443172812461853,28.009616709496754,10,1508275203
678268255,B,50.82875427182816,-0.944250226020813,28.009576190111034,10,1508275204
678268255,B,50.82883389746284,-0.9441831707954407,28.009535669700085,10,1508275205
678268255,B,50.828913523097526,-0.9441161155700684,28.009495149212796,10,1508275206
678268255,B,50.82899314873221,-0.944049060344696,28.009454627700222,10,1508275207
678268255,B,50.829072774366885,-0.9439820051193237,28.009414109906857,10,1508275208
678268255,B,50.82915240000157,-0.9439149498939514,28.009373587292657,10,1508275209
678268255,B,50.82923202563625,-0.9438478946685791,28.009333068397666,10,1508275210
678268255,B,50.829311651270935,-0.9437808394432068,28.009292544681898,10,1508275211
678268255,B,50.82939127690562,-0.9437137842178345,28.00925202563417,10,1508275212
678268255,B,50.8294709025403,-0.9436467289924622,28.009211501765662,10,1508275213
678268255,B,50.82955052817498,-0.9435796737670898,28.0091709854118,10,1508275214
678268255,B,50.82963015380966,-0.9435126185417175,28.009130461390555,10,1508275215
678268255,B,50.82970977944434,-0.9434455633163452,28.009089939190744,10,1508275216
678268255,B,50.829789405079026,-0.9433785080909729,28.00904941976114,10,1508275217
678268255,B,50.82986903071371,-0.9433114528656006,28.009008898357422,10,1508275218
678268255,B,50.82994865634839,-0.9432443976402283,28.00896837308187,10,1508275219
678268255,B,50.830028281983076,-0.943177342414856,28.00892785816751,10,1508275220
678268255,B,50.83010790761775,-0.9431102871894836,28.008887333688108,10,1508275221
678268255,B,50.830187533252435,-0.9430432319641113,28.0088468129278,10,1508275222
678268255,B,50.83026715888712,-0.942976176738739,28.008806287346772,10,1508275223
678268255,B,50.8303467845218,-0.9429091215133667,28.008765767382613,10,1508275224
678268255,B,50.830426410156484,-0.9428420662879944,28.00872524544434,10,1508275225
678268255,B,50.83050603579117,-0.9427750110626221,28.008684723429724,10,1508275226
678268255,B,50.83058566142584,-0.9427079558372498,28.008644205134203,10,1508275227
678268255,B,50.830665287060526,-0.9426409006118774,28.008603677273584,10,1508275228
678268255,B,50.83074491269521,-0.9425738453865051,28.00856315502989,10,1508275229
678268255,B,50.83082453832989,-0.9425067901611328,28.008522634607516,10,1508275230
678268255,B,50.83091263104237,-0.942453145980835,21.037761960839646,10,1508275231
678268255,B,50.83100072375484,-0.9423995018005371,21.0377257301717,10,1508275232
678268255,B,50.83108881646732,-0.9423458576202393,21.03768949528211,10,1508275233
678268255,B,50.831176909179796,-0.9422922134399414,21.03765327003299,10,1508275234
678268255,B,50.83126500189227,-0.9422385692596436,21.03761703917604,10,1508275235
678268255,B,50.831353094604744,-0.9421849250793457,21.037580811028533,10,1508275236
678268255,B,50.83144118731722,-0.9421312808990479,21.037544578659322,10,1508275237
678268255,B,50.8315292800297,-0.94207763671875,21.037508346227185,10,1508275238
678268255,B,50.83161737274217,-0.9420239925384521,21.037472117197524,10,1508275239
678268255,B,50.83170546545465,-0.9419703483581543,21.037435888797972,10,1508275240
678268255,B,50.83179355816712,-0.9419167041778564,21.037399656176774,10,1508275241
678268255,B,50.831881650879595,-0.9418630599975586,21.037363426265017,10,1508275242
678268255,B,50.83196974359207,-0.9418094158172607,21.037327192824762,10,1508275243
678268255,B,50.83205783630455,-0.9417557716369629,21.03729096486626,10,1508275244
678268255,B,50.832145929017024,-0.941702127456665,21.03725473129998,10,1508275245
678268255,B,50.8322340217295,-0.9416484832763672,21.037218503908605,10,1508275246
678268255,B,50.83232437055364,-0.9416484832763672,0,10,1508275247
678268255,B,50.83241471937779,-0.9416484832763672,0,10,1508275248
678268255,B,50.83250506820193,-0.9416484832763672,0,10,1508275249
678268255,B,50.83259541702608,-0.9416484832763672,0,10,1508275250
678268255,B,50.83268576585022,-0.9416484832763672,0,10,1508275251
678268255,B,50.83277611467437,-0.9416484832763672,0,10,1508275252
678268255,B,50.83286646349851,-0.9416484832763672,0,10,1508275253
678268255,B,50.832956812322664,-0.9416484832763672,0,10,1508275254
678268255,B,50.83304716114681,-0.9416484832763672,0,10,1508275255
678268255,B,50.83313750997095,-0.9416484832763672,0,10,1508275256
678268255,B,50.8332278587951,-0.9416484832763672,0,10,1508275257
678268255,B,50.83331820761924,-0.9416484832763672,0,10,1508275258
678268255,B,50.83340855644339,-0.9416484832763672,0,10,1508275259
678268255,B,50.83349890526753,-0.9416484832763672,0,10,1508275260
678268255,B,50.83358925409168,-0.9416484832763672,0,10,1508275261
678268255,B,50.8336750832815,-0.9415912628173828,22.833839255023236,10,1508275262
678268255,B,50.83376091247133,-0.9415340423583984,22.83380157185661,10,1508275263
678268255,B,50.83384674166115,-0.9414768218994141,22.833763888623196,10,1508275264
678268255,B,50.83393257085097,-0.9414196014404297,22.833726205322876,10,1508275265
678268255,B,50.8340184000408,-0.9413623809814453,22.833688521196393,10,1508275266
678268255,B,50.83410422923062,-0.9413051605224609,22.83365083928112,10,1508275267
678268255,B,50.83419005842044,-0.9412479400634765,22.833613157338732,10,1508275268
678268255,B,50.83427588761027,-0.9411907196044921,22.833575469175116,10,1508275269
678268255,B,50.83436171680009,-0.9411334991455077,22.8335377893373,10,1508275270
678268255,B,50.83444754598991,-0.9410762786865233,22.83350010487652,10,1508275271
678268255,B,50.83453337517974,-0.941019058227539,22.83346242034895,10,1508275272
678268255,B,50.83461920436956,-0.9409618377685546,22.833424737273162,10,1508275273
678268255,B,50.83470954857665,-0.9409389495849608,9.090389168629656,10,1508275274
678268255,B,50.83479989278373,-0.9409160614013671,9.090371866694795,10,1508275275
678268255,B,50.834890236990816,-0.9408931732177733,9.09035456284795,10,1508275276
678268255,B,50.834980581197904,-0.9408702850341796,9.090337261494653,10,1508275277
678268255,B,50.835070925404985,-0.9408473968505858,9.090319956970632,10,1508275278
678268255,B,50.83516126961207,-0.9408245086669921,9.090302654310847,10,1508275279
678268255,B,50.83525161381916,-0.9408016204833983,9.090285351941816,10,1508275280
678268255,B,50.83534195802624,-0.9407787322998046,9.090268049863539,10,1508275281
678268255,B,50.83543230223333,-0.9407558441162108,9.090250745558649,10,1508275282
678268255,B,50.83552264644042,-0.9407329559326171,9.090233440915199,10,1508275283
678268255,B,50.8356129906475,-0.9407100677490233,9.090216140338612,10,1508275284
678268255,B,50.835703334854585,-0.9406871795654296,9.090198836276727,10,1508275285
678268255,B,50.83579367906167,-0.9406642913818358,9.090181532820282,10,1508275286
678268255,B,50.835884023268754,-0.9406414031982421,9.09016423028396,10,1508275287
678268255,B,50.83597436747584,-0.9406185150146483,9.090146926465025,10,1508275288
678268255,B,50.83605567466516,-0.9405498504638671,28.0728540840056,10,1508275289
678268255,B,50.83613698185448,-0.9404811859130858,28.07281263279674,10,1508275290
678268255,B,50.8362182890438,-0.9404125213623046,28.07277118709186,10,1508275291
678268255,B,50.83629959623311,-0.9403438568115233,28.072729737584552,10,1508275292
678268255,B,50.83638090342243,-0.9402751922607421,28.072688288927964,10,1508275293
678268255,B,50.83646221061175,-0.9402065277099608,28.072646841122094,10,1508275294
678268255,B,50.83654351780107,-0.9401378631591796,28.072605390444437,10,1508275295
678268255,B,50.83662482499039,-0.9400691986083983,28.07256394527076,10,1508275296
678268255,B,50.83670613217971,-0.9400005340576171,28.072522489780113,10,1508275297
678268255,B,50.83678743936902,-0.9399318695068358,28.072481049099792,10,1508275298
678268255,B,50.83686874655834,-0.9398632049560546,28.072439593449417,10,1508275299
678268255,B,50.83695005374766,-0.9397945404052733,28.072398147956108,10,1508275300
678268255,B,50.837031360936976,-0.9397258758544921,28.07235669586845,10,1508275301
678268255,B,50.837112668126295,-0.9396572113037108,28.07231524835413,10,1508275302
678268255,B,50.837193975315614,-0.9395885467529296,28.072273795176045,10,1508275303
678268255,B,50.83727528250493,-0.9395198822021483,28.072232349363162,10,1508275304
678268255,B,50.837356589694245,-0.9394512176513671,28.072190901609133,10,1508275305
678268255,B,50.837437896883564,-0.9393825531005858,28.072149446330172,10,1508275306
678268255,B,50.83751920407288,-0.9393138885498046,28.0721079984163,10,1508275307
678268255,B,50.8376005112622,-0.9392452239990233,28.072066550422562,10,1508275308
678268255,B,50.8376802216468,-0.9391644421745748,32.619567230944824,10,1508275309
678268255,B,50.837759932031396,-0.9390836603501262,32.619522798760215,10,1508275310
678268255,B,50.837839642415986,-0.9390028785256778,32.61947836329563,10,1508275311
678268255,B,50.83791935280058,-0.9389220967012293,32.61943393088637,10,1508275312
678268255,B,50.83799906318518,-0.9388413148767807,32.619389494266386,10,1508275313
678268255,B,50.83807877356978,-0.9387605330523322,32.619345058518434,10,1508275314
678268255,B,50.83815848395437,-0.9386797512278837,32.619300628939754,10,1508275315
678268255,B,50.83823819433897,-0.9385989694034351,32.61925618684643,10,1508275316
678268255,B,50.83831790472356,-0.9385181875789866,32.619211759119025,10,1508275317
678268255,B,50.83839761510816,-0.938437405754538,32.619167323064744,10,1508275318
678268255,B,50.838477325492754,-0.9383566239300896,32.61912288165456,10,1508275319
678268255,B,50.83855703587735,-0.9382758421056411,32.61907845367955,10,1508275320
678268255,B,50.83863674626195,-0.9381950602811925,32.619034013189946,10,1508275321
678268255,B,50.838716456646544,-0.938114278456744,32.618989578762296,10,1508275322
678268255,B,50.838796167031134,-0.9380334966322955,32.618945144275926,10,1508275323
678268255,B,50.83887587741573,-0.9379527148078469,32.618900707654916,10,1508275324
678268255,B,50.83895558780033,-0.9378719329833984,32.618856271905884,10,1508275325
678268255,B,50.8390423098279,-0.9378247261047363,18.970700491430648,10,1508275326
678268255,B,50.83912903185547,-0.9377775192260742,18.970667759813296,10,1508275327
678268255,B,50.839215753883046,-0.9377303123474121,18.970635021682597,10,1508275328
678268255,B,50.839302475910614,-0.93768310546875,18.970602288666782,10,1508275329
678268255,B,50.83938919793819,-0.9376358985900879,18.970569552367692,10,1508275330
678268255,B,50.83947591996576,-0.9375886917114258,18.970536819245467,10,1508275331
678268255,B,50.83956264199333,-0.9375414848327637,18.970504082193997,10,1508275332
678268255,B,50.8396493640209,-0.9374942779541016,18.97047134767331,10,1508275333
678268255,B,50.839736086048475,-0.9374470710754395,18.970438611807367,10,1508275334
678268255,B,50.83982280807605,-0.9373998641967773,18.9704058765343,10,1508275335
678268255,B,50.83990953010362,-0.9373526573181151,18.970373143187373,10,1508275336
678268255,B,50.83999625213119,-0.937305450439453,18.970340405828438,10,1508275337
678268255,B,50.84008297415876,-0.9372582435607909,18.970307671687692,10,1508275338
678268255,B,50.84016969618634,-0.9372110366821288,18.970274934909753,10,1508275339
678268255,B,50.840256418213905,-0.9371638298034667,18.97024220001657,10,1508275340
678268255,B,50.84034314024148,-0.9371166229248046,18.970209464424215,10,1508275341
678268255,B,50.84042986226905,-0.9370694160461425,18.97017673007059,10,1508275342
678268255,B,50.84051658429662,-0.9370222091674804,18.970143992433805,10,1508275343
678268255,B,50.84060330632419,-0.9369750022888182,18.970111256035807,10,1508275344
678268255,B,50.840690028351766,-0.9369277954101561,18.970078520876598,10,1508275345
678268255,B,50.84077966500458,-0.9368980847872219,11.821752709628981,10,1508275346
678268255,B,50.84086930165739,-0.9368683741642878,11.82173063821216,10,1508275347
678268255,B,50.84095893831021,-0.9368386635413536,11.821708567664814,10,1508275348
678268255,B,50.84104857496302,-0.9368089529184194,11.821686496635209,10,1508275349
678268255,B,50.841138211615835,-0.9367792422954851,11.821664427612234,10,1508275350
678268255,B,50.841227848268645,-0.936749531672551,11.821642356884013,10,1508275351
678268255,B,50.84131748492146,-0.9367198210496168,11.821620283764048,10,1508275352
678268255,B,50.84140712157427,-0.9366901104266826,11.821598215053712,10,1508275353
678268255,B,50.84149675822709,-0.9366603998037484,11.821576143865684,10,1508275354
678268255,B,50.8415863948799,-0.9366306891808143,11.821554074233745,10,1508275355
678268255,B,50.841676031532714,-0.93660097855788,11.821532000579396,10,1508275356
678268255,B,50.84176566818552,-0.9365712679349458,11.821509931334674,10,1508275357
678268255,B,50.84185530483834,-0.9365415573120117,11.821487861200012,10,1508275358
678268255,B,50.84194494149116,-0.9365118466890775,11.821465787858301,10,1508275359
678268255,B,50.842034578143966,-0.9364821360661433,11.821443718926162,10,1508275360
678268255,B,50.84212421479678,-0.9364524254432091,11.821421647516445,10,1508275361
678268255,B,50.84221385144959,-0.936422714820275,11.821399576439774,10,1508275362
678268255,B,50.84230348810241,-0.9363930041973407,11.82137750460197,10,1508275363
678268255,B,50.84239312475522,-0.9363632935744065,11.82135543432014,10,1508275364
678268255,B,50.842482761408036,-0.9363335829514723,11.821333363599024,10,1508275365
678268255,B,50.842572398060845,-0.9363038723285382,11.821311292395649,10,1508275366
678268255,B,50.84266203471366,-0.936274161705604,11.821289219208154,10,1508275367
678268255,B,50.84275167136647,-0.9362444510826697,11.821267150022607,10,1508275368
678268255,B,50.84284130801929,-0.9362147404597355,11.821245078767106,10,1508275369
678268255,B,50.8429309446721,-0.9361850298368014,11.821223007437027,10,1508275370
